[
  {
    "room_id": 201,
    "address": "GSS",
    "room_name": "GSS-H1",
    "type": "LECTURE",
    "faculty": "M",
    "capacity": 120
  },
  {
    "room_id": 202,
    "address": "GSS",
    "room_name": "GSS-S1",
    "type": "SEMINAR",
    "faculty": "M",
    "capacity": 40
  },
  {
    "room_id": 203,
    "address": "M13",
    "room_name": "M13-LAB1",
    "type": "LAB",
    "faculty": "AU",
    "capacity": 30
  },
  {
    "room_id": 204,
    "address": "C11",
    "room_name": "C11-PC1",
    "type": "COMPUTER",
    "faculty": "KG",
    "capacity": 50
  },
  {
    "room_id": 205,
    "address": "GSS",
    "room_name": "GSS-H2",
    "type": "LECTURE",
    "faculty": "M",
    "capacity": 80
  },
  {
    "room_id": 206,
    "address": "M13",
    "room_name": "M13-S2",
    "type": "SEMINAR",
    "faculty": "AU",
    "capacity": 25
  }
]
